[
    {
        "AdcEventId": "fe005aac-b36e-4b25-83da-64c38ba0e9f9",
        "OnAirDateTime": "2025-11-13T11:35:00:00",
        "Title": "ADV Break 1",
        "Duration": "00:00:30:00",
        "EventType": 0
    },
    {
        "AdcEventId": "cf383dc5-95ad-429d-a7a7-93f988ece159",
        "OnAirDateTime": "2025-11-13T11:35:30:00",
        "Title": "ADV Break 2",
        "Duration": "00:00:30:00",
        "EventType": 0
    },
    {
        "AdcEventId": "4ccf76bc-e365-49e0-8ed0-0f44d498a86b",
        "OnAirDateTime": "2025-11-13T11:36:00:00",
        "Title": "SIG ATP FINALS PART 1",
        "Duration": "00:05:00:00",
        "EventType": 0
    },
    {
        "AdcEventId": "976a7a01-0bf4-4625-9d1f-0d17a987e38c",
        "OnAirDateTime": "2025-11-13T11:41:00:00",
        "Title": "ADV Break 3",
        "Duration": "00:00:15:00",
        "EventType": 0
    },
    {
        "AdcEventId": "9394646f-abdc-4c04-9803-ac77242db716",
        "OnAirDateTime": "2025-11-13T11:41:15:00",
        "Title": "ADV Break 4",
        "Duration": "00:00:15:00",
        "EventType": 0
    },
    {
        "AdcEventId": "99da7905-e73b-43ec-b074-b7c0601741bd",
        "OnAirDateTime": "2025-11-13T11:41:30:00",
        "Title": "SIG ATP FINALS PART 2",
        "Duration": "00:05:00:00",
        "EventType": 0
    },
    {
        "AdcEventId": "a2b807b2-67f1-4cdb-8734-72de98b4b51d",
        "OnAirDateTime": "2025-11-13T11:46:30:00",
        "Title": "ADV Break 5",
        "Duration": "00:00:15:00",
        "EventType": 0
    }
]