[
    {
        "AdcEventId": "34904bcc-561a-48a8-a2be-d111570e5c18",
        "OnAirDateTime": "2025-11-12T11:30:00:00",
        "Title": "SIG ATP FINALS PART 1",
        "Duration": "00:05:00:00",
        "EventType": 0
    },
    {
        "AdcEventId": "34904bcc-561a-48a8-a2be-d111570e5c18",
        "OnAirDateTime": "2025-11-12T11:35:00:00",
        "Title": "ADV Break 1",
        "Duration": "00:00:15:00",
        "EventType": 0
    },
    {
        "AdcEventId": "34904bcc-561a-48a8-a2be-d111570e5c18",
        "OnAirDateTime": "2025-11-12T11:35:15:00",
        "Title": "ADV Break 2",
        "Duration": "00:00:15:00",
        "EventType": 0
    },
    {
        "AdcEventId": "34904bcc-561a-48a8-a2be-d111570e5c18",
        "OnAirDateTime": "2025-11-12T11:35:30:00",
        "Title": "SIG ATP FINALS",
        "Duration": "00:05:00:00",
        "EventType": 0
    },
    {
        "AdcEventId": "34904bcc-561a-48a8-a2be-d111570e5c18",
        "OnAirDateTime": "2025-11-12T11:40:30:00",
        "Title": "ADV Break 3",
        "Duration": "00:00:15:00",
        "EventType": 0
    }
]